question,ground_truth,answer,faithfulness,answer_relevancy,context_precision,context_recall
Bên Xử lý dữ liệu cá nhân là gì và có vai trò như thế nào trong việc bảo vệ dữ liệu cá nhân?,"Bên Xử lý dữ liệu cá nhân là tổ chức, cá nhân thực hiện việc xử lý dữ liệu thay mặt cho Bên Kiểm soát dữ liệu, thông qua một hợp đồng hoặc thỏa thuận với Bên Kiểm soát dữ liệu. Vai trò của Bên Xử lý dữ liệu cá nhân là rất quan trọng trong việc đảm bảo rằng dữ liệu cá nhân được xử lý một cách hợp pháp và an toàn, đồng thời tuân thủ các quy định về bảo vệ dữ liệu cá nhân.","Bên Xử lý dữ liệu cá nhân là tổ chức, cá nhân thực hiện việc xử lý dữ liệu thay mặt cho Bên Kiểm soát dữ liệu, thông qua một hợp đồng hoặc thỏa thuận với Bên Kiểm soát dữ liệu. Vai trò của Bên Xử lý dữ liệu cá nhân trong việc bảo vệ dữ liệu cá nhân bao gồm việc lập và lưu giữ Hồ sơ đánh giá tác động xử lý dữ liệu cá nhân, nhằm đảm bảo việc xử lý dữ liệu được thực hiện đúng quy định và bảo vệ quyền lợi của chủ thể dữ liệu.",0.6666666666666666,0.0,0.9999999999666667,0.5
Quốc tịch là gì trong dữ liệu cá nhân và nó có vai trò gì trong việc xác định một con người cụ thể?,"Quốc tịch là một trong những thành phần của dữ liệu cá nhân cơ bản, được định nghĩa là thông tin giúp xác định một con người cụ thể. Nó đóng vai trò quan trọng trong việc xác định danh tính và quyền lợi của cá nhân trong các bối cảnh pháp lý và xã hội.",Không tìm thấy.,0.0,0.0,0.0,0.5
Dữ liệu cá nhân là gì và nó bao gồm những thông tin nào?,"Dữ liệu cá nhân là thông tin dưới dạng ký hiệu, chữ viết, chữ số, hình ảnh, âm thanh hoặc dạng tương tự trên môi trường điện tử gắn liền với một con người cụ thể hoặc giúp xác định một con người cụ thể. Dữ liệu cá nhân bao gồm dữ liệu cá nhân cơ bản và dữ liệu cá nhân nhạy cảm. Dữ liệu cá nhân cơ bản bao gồm họ, chữ đệm và tên khai sinh, ngày tháng năm sinh, giới tính, nơi sinh, nơi thường trú, số điện thoại, số chứng minh nhân dân, và nhiều thông tin khác. Dữ liệu cá nhân nhạy cảm là dữ liệu gắn liền với quyền riêng tư của cá nhân, như quan điểm chính trị, tình trạng sức khỏe, và thông tin về đời sống tình dục.","Dữ liệu cá nhân là thông tin giúp xác định một con người cụ thể, bao gồm dữ liệu cá nhân cơ bản và dữ liệu cá nhân nhạy cảm.",1.0,0.0,0.9999999999,0.5
Giới tính là gì trong dữ liệu cá nhân?,"Giới tính là một trong những thông tin thuộc dữ liệu cá nhân cơ bản, bao gồm họ, chữ đệm và tên khai sinh, ngày tháng năm sinh, nơi sinh, và các thông tin khác giúp xác định một con người cụ thể.",Không tìm thấy.,0.0,0.0,0.0,0.0
Cộng hòa xã hội chủ nghĩa Việt Nam có quy định gì về bảo vệ dữ liệu cá nhân?,"Cộng hòa xã hội chủ nghĩa Việt Nam quy định rằng dữ liệu cá nhân phải được xử lý theo pháp luật, chủ thể dữ liệu phải được thông báo về việc xử lý dữ liệu của mình, và dữ liệu chỉ được xử lý đúng với mục đích đã được xác định. Dữ liệu cá nhân cũng phải được bảo vệ và lưu trữ trong thời gian phù hợp với mục đích xử lý.","Cộng hòa xã hội chủ nghĩa Việt Nam có quy định về bảo vệ dữ liệu cá nhân thông qua việc xây dựng cơ chế hợp tác quốc tế để thực thi hiệu quả pháp luật về bảo vệ dữ liệu cá nhân. Ngoài ra, có các quy định liên quan đến việc xử lý dữ liệu cá nhân nhằm bảo vệ an ninh quốc gia, trật tự an toàn xã hội, và quyền lợi hợp pháp của tổ chức, cá nhân.",1.0,0.6744968844267083,0.8333333332916666,0.25
What are the key principles outlined in Điều 3 regarding the protection of personal data?,"Điều 3 outlines several key principles for the protection of personal data: 1. Personal data must be processed in accordance with legal regulations. 2. Data subjects should be informed about activities related to the processing of their personal data, unless otherwise stipulated by law. 3. Personal data can only be processed for the purposes declared by the data controller, data processor, and any third parties involved. 4. Personal data collected must be relevant and limited to the scope and purpose of processing. It cannot be bought or sold in any form, except as provided by law. 5. Personal data must be updated and supplemented as necessary for processing purposes. 6. Appropriate protective measures must be applied during processing to safeguard personal data against violations and prevent loss, destruction, or damage. 7. Personal data should only be stored for a duration that is appropriate for the processing purpose, unless otherwise required by law. 8. The data controller and the data processor are responsible for complying with the processing principles and must demonstrate their compliance.","Các nguyên tắc chính được nêu trong Điều 3 về bảo vệ dữ liệu cá nhân bao gồm:

1. Dữ liệu cá nhân được xử lý theo quy định của pháp luật.
2. Chủ thể dữ liệu được biết về hoạt động liên quan tới xử lý dữ liệu cá nhân của mình, trừ trường hợp luật có quy định khác.
3. Dữ liệu cá nhân chỉ được xử lý đúng với mục đích đã được Bên Kiểm soát dữ liệu cá nhân, Bên Xử lý dữ liệu cá nhân, Bên Kiểm soát và xử lý dữ liệu cá nhân, Bên thứ ba đăng ký, tuyên bố về xử lý dữ liệu cá nhân.",0.75,0.8102446460589374,0.9999999999,0.3333333333333333
What actions are prohibited under Điều 8 regarding personal data processing?,"Điều 8 outlines several prohibited actions regarding personal data processing, including: 1. Processing personal data in violation of the laws on personal data protection. 2. Processing personal data to create information or data that opposes the Socialist Republic of Vietnam. 3. Processing personal data to create information or data that affects national security, social order, or the legal rights and interests of other organizations and individuals.",Không tìm thấy.,0.0,0.0,0.0,0.0
Điều 8 nói về cái gì trong bảo vệ dữ liệu cá nhân?,"Điều 8 quy định các hành vi bị nghiêm cấm trong việc xử lý dữ liệu cá nhân, bao gồm: xử lý dữ liệu cá nhân trái với quy định của pháp luật, xử lý dữ liệu để tạo ra thông tin chống lại Nhà nước, và xử lý dữ liệu gây ảnh hưởng tới an ninh quốc gia và quyền lợi hợp pháp của tổ chức, cá nhân khác.","Điều 8 nói về các hành vi bị nghiêm cấm trong bảo vệ dữ liệu cá nhân, bao gồm việc xử lý dữ liệu cá nhân trái với quy định của pháp luật và xử lý dữ liệu cá nhân để tạo ra thông tin nhằm chống lại nhà nước có thẩm quyền.",1.0,0.5554384754334397,0.8333333332916666,0.6666666666666666
What are the responsibilities of Bên Kiểm soát dữ liệu cá nhân in relation to the rights of data subjects?,"Bên Kiểm soát dữ liệu cá nhân is responsible for ensuring that data subjects can exercise their rights, including the right to know about the processing of their personal data, the right to consent or withdraw consent for processing, the right to access and request correction of their personal data, and the right to request deletion of their personal data. Additionally, they must respond to requests from data subjects within 72 hours, unless otherwise stipulated by law.","Bên Kiểm soát dữ liệu cá nhân có trách nhiệm thực hiện yêu cầu cung cấp dữ liệu cá nhân của chủ thể dữ liệu trong 72 giờ sau khi nhận được yêu cầu, trừ trường hợp luật có quy định khác.",1.0,0.5099765491783543,0.5833333333041666,0.5
Nghị định này quy định những quyền gì của chủ thể dữ liệu?,"Nghị định này quy định các quyền của chủ thể dữ liệu bao gồm: quyền được biết về hoạt động xử lý dữ liệu cá nhân, quyền đồng ý cho phép xử lý dữ liệu cá nhân, quyền truy cập để xem và chỉnh sửa dữ liệu cá nhân, quyền rút lại sự đồng ý, quyền xóa dữ liệu, quyền hạn chế xử lý dữ liệu, quyền cung cấp dữ liệu, quyền phản đối xử lý dữ liệu, quyền khiếu nại, tố cáo, khởi kiện, quyền yêu cầu bồi thường thiệt hại, và quyền tự bảo vệ.","Nghị định này quy định các quyền sau của chủ thể dữ liệu:

1. Quyền được biết về hoạt động xử lý dữ liệu cá nhân của mình.
2. Quyền đồng ý.
3. Quyền tự bảo vệ.
4. Quyền yêu cầu bồi thường thiệt hại khi xảy ra vi phạm quy định về bảo vệ dữ liệu cá nhân.",1.0,0.5731816468052395,0.9999999999666667,1.0
How does the Bộ luật Dân sự relate to the rights and obligations of data subjects in the context of personal data protection?,"According to the Bộ luật Dân sự, data subjects have various rights regarding their personal data, including the right to know about the processing of their data, the right to consent, the right to access and modify their data, and the right to withdraw consent. Additionally, data subjects are obligated to protect their own personal data and respect the data of others, while also providing accurate information when consenting to data processing.",Không tìm thấy.,0.0,0.0,0.9999999999666667,0.0
What are the rights and obligations of the data subject as outlined in the context regarding Bên Kiểm soát dữ liệu cá nhân?,"The rights of the data subject include the right to know about the processing of their personal data, the right to consent or withdraw consent for processing, the right to access and request modification of their personal data, the right to request deletion of their data, the right to restrict processing, the right to provide their data to the data controller, the right to object to processing, the right to complain or sue for violations, and the right to seek compensation for damages. The obligations of the data subject include protecting their own personal data, respecting the personal data of others, providing accurate personal data when consenting to processing, participating in promoting data protection skills, and complying with laws regarding personal data protection.",Không tìm thấy.,0.0,0.0,0.8333333332916666,0.0
Điều 13 nói về cái gì trong việc thông báo xử lý dữ liệu cá nhân?,"Điều 13 quy định về việc thông báo xử lý dữ liệu cá nhân, bao gồm việc thông báo cho chủ thể dữ liệu một lần trước khi tiến hành hoạt động xử lý dữ liệu cá nhân. Nội dung thông báo phải bao gồm mục đích xử lý, loại dữ liệu cá nhân liên quan, cách thức xử lý, thông tin về các tổ chức, cá nhân khác có liên quan, hậu quả có thể xảy ra, và thời gian bắt đầu và kết thúc xử lý dữ liệu. Thông báo phải được thể hiện ở định dạng có thể in, sao chép bằng văn bản hoặc định dạng điện tử có thể kiểm chứng.","Điều 13 nói về việc xử lý dữ liệu cá nhân tự động, là hình thức xử lý dữ liệu cá nhân được thực hiện bằng phương tiện điện tử nhằm đánh giá.",0.6666666666666666,0.5897452975500043,0.9999999999666667,0.6666666666666666
What are the key requirements outlined in Điều 13 regarding the notification of personal data processing?,"Điều 13 specifies that the notification of personal data processing must be conducted once before the processing activity begins. The notification must include the purpose of processing, the types of personal data involved, the processing methods, information about other organizations or individuals related to the processing purpose, potential unintended consequences or damages, and the start and end times of the data processing. Additionally, the notification must be in a format that can be printed or copied, including electronic or verifiable formats.","Các yêu cầu chính được nêu trong Điều 13 về thông báo xử lý dữ liệu cá nhân bao gồm:

1. Việc thông báo phải được thực hiện một lần trước khi tiến hành hoạt động xử lý dữ liệu cá nhân.
2. Nội dung thông báo cho chủ thể dữ liệu về xử lý dữ liệu cá nhân phải bao gồm:
   a) Mục đích xử lý;
   b) Loại dữ liệu cá nhân;
   c) Thời hạn, địa điểm, hình thức cung cấp dữ liệu cá nhân;
   d) Chi phí thực tế để in, sao, chụp, gửi thông tin qua dịch vụ bưu chính.",1.0,0.8695031905156775,0.9999999999,0.3333333333333333
Bên Kiểm soát dữ liệu cá nhân có trách nhiệm gì?,"Bên Kiểm soát dữ liệu cá nhân có trách nhiệm chứng minh sự đồng ý của chủ thể dữ liệu trong trường hợp có tranh chấp. Họ cũng phải thông báo cho chủ thể dữ liệu về hậu quả, thiệt hại có thể xảy ra khi chủ thể dữ liệu rút lại sự đồng ý.","Bên Kiểm soát dữ liệu cá nhân có trách nhiệm tiếp nhận yêu cầu cung cấp dữ liệu cá nhân, theo dõi quá trình cung cấp dữ liệu, và bảo đảm các quyền của chủ thể dữ liệu theo quy định. Họ cũng chịu trách nhiệm trước chủ thể dữ liệu về các thiệt hại do quá trình xử lý dữ liệu cá nhân.",1.0,0.0,0.9999999999666667,0.0
Điều 13 nói gì về thông báo xử lý dữ liệu cá nhân?,"Điều 13 quy định rằng việc thông báo xử lý dữ liệu cá nhân phải được thực hiện một lần trước khi tiến hành hoạt động xử lý. Nội dung thông báo bao gồm mục đích xử lý, loại dữ liệu cá nhân liên quan, cách thức xử lý, thông tin về các tổ chức, cá nhân khác có liên quan, hậu quả có thể xảy ra, và thời gian bắt đầu, kết thúc xử lý dữ liệu. Thông báo phải được thể hiện ở định dạng có thể in, sao chép bằng văn bản hoặc định dạng điện tử.","Điều 13 quy định rằng việc thông báo xử lý dữ liệu cá nhân được thực hiện một lần trước khi tiến hành hoạt động xử lý dữ liệu cá nhân. Nội dung thông báo cho chủ thể dữ liệu bao gồm mục đích xử lý, loại dữ liệu cá nhân, bên kiểm soát dữ liệu cá nhân, bên xử lý dữ liệu cá nhân, và bên kiểm soát và xử lý dữ liệu cá nhân được phép xử lý dữ liệu cá nhân.",1.0,0.6211282881729683,0.9999999999,0.6666666666666666
Phiếu yêu cầu cung cấp dữ liệu cá nhân là gì và ai có trách nhiệm hướng dẫn điền?,"Phiếu yêu cầu cung cấp dữ liệu cá nhân là mẫu đơn mà chủ thể dữ liệu hoặc người được ủy quyền phải điền khi yêu cầu cung cấp dữ liệu cá nhân. Người tiếp nhận yêu cầu có trách nhiệm hướng dẫn tổ chức, cá nhân yêu cầu điền các nội dung vào Phiếu yêu cầu cung cấp dữ liệu cá nhân.","Phiếu yêu cầu cung cấp dữ liệu cá nhân là tài liệu mà tổ chức, cá nhân sử dụng để yêu cầu cung cấp thông tin cá nhân. Người tiếp nhận yêu cầu có trách nhiệm hướng dẫn tổ chức, cá nhân điền các nội dung vào Phiếu yêu cầu cung cấp dữ liệu cá nhân.",0.5,0.0,0.9999999999666667,0.5
Tại sao việc cung cấp dữ liệu cá nhân phải được thực hiện bằng tiếng Việt?,"Phiếu yêu cầu cung cấp dữ liệu cá nhân phải được thể hiện bằng tiếng Việt gồm các nội dung chính như họ, tên, nơi cư trú, địa chỉ, và các thông tin khác liên quan đến yêu cầu cung cấp dữ liệu cá nhân.",Không tìm thấy.,0.0,0.0,0.9999999999,1.0
Cái gì là yêu cầu cung cấp dữ liệu cá nhân phải được thể hiện bằng tiếng Việt?,"Phiếu yêu cầu cung cấp dữ liệu cá nhân phải được thể hiện bằng tiếng Việt gồm các nội dung chính sau đây: a) Họ, tên; nơi cư trú, địa chỉ; số chứng minh nhân dân, thẻ căn cước công dân hoặc số hộ chiếu của người yêu cầu; số fax, điện thoại, địa chỉ thư điện tử (nếu có); b) Dữ liệu cá nhân được yêu cầu cung cấp, trong đó chỉ rõ tên văn bản, hồ sơ, tài liệu; c) Hình thức cung cấp dữ liệu cá nhân; d) Lý do, mục đích yêu cầu cung cấp dữ liệu cá nhân.","Yêu cầu cung cấp dữ liệu cá nhân phải được thể hiện bằng tiếng Việt gồm các nội dung chính như họ, tên; nơi cư trú, địa chỉ; số chứng minh nhân dân, thẻ căn cước công dân hoặc số hộ chiếu của người yêu cầu; số fax, điện thoại, địa chỉ thư điện tử (nếu có).",1.0,0.6429963840299856,0.9999999999666667,1.0
Bên Kiểm soát dữ liệu cá nhân có trách nhiệm gì khi nhận yêu cầu cung cấp dữ liệu cá nhân từ chủ thể dữ liệu?,"Bên Kiểm soát dữ liệu cá nhân có trách nhiệm tiếp nhận yêu cầu cung cấp dữ liệu cá nhân và theo dõi quá trình, danh sách cung cấp dữ liệu cá nhân theo yêu cầu. Nếu dữ liệu cá nhân được yêu cầu không thuộc thẩm quyền, Bên Kiểm soát dữ liệu cá nhân phải thông báo và hướng dẫn tổ chức, cá nhân yêu cầu đến cơ quan có thẩm quyền hoặc thông báo rõ ràng việc không thể cung cấp dữ liệu cá nhân.","Bên Kiểm soát dữ liệu cá nhân có trách nhiệm tiếp nhận yêu cầu cung cấp dữ liệu cá nhân, theo dõi quá trình cung cấp dữ liệu, và thực hiện việc cung cấp dữ liệu cá nhân trong 72 giờ sau khi có yêu cầu, trừ trường hợp luật có quy định khác.",1.0,0.5123395720316889,0.9999999999666667,1.0
What are the conditions under which the data subject can request the deletion of their personal data?,"The data subject can request the deletion of their personal data unless the law prohibits the deletion, the data is processed by a competent state authority for its activities as prescribed by law, the data has been made public according to legal regulations, the data is processed for legal requirements, scientific research, or statistics as per legal regulations, or in emergency situations threatening national security, public order, or health.","Các điều kiện mà chủ thể dữ liệu có thể yêu cầu xóa dữ liệu cá nhân của họ bao gồm:

a) Xử lý dữ liệu không đúng mục đích hoặc đã hoàn thành mục đích xử lý dữ liệu cá nhân được chủ thể dữ liệu đồng ý;

b) Việc lưu trữ dữ liệu cá nhân không còn cần thiết với hoạt động của Bên Kiểm soát dữ liệu cá nhân, Bên Kiểm soát và xử lý dữ liệu cá nhân, Bên Xử lý dữ liệu cá nhân, Bên thứ ba;

c) Bên Kiểm soát dữ liệu cá nhân, Bên Kiểm soát và xử lý dữ liệu cá nhân, Bên Xử lý dữ liệu cá nhân, Bên thứ ba bị giải thể hoặc không còn hoạt động.",0.8,0.9859002957181003,0.9999999999,0.0
Bên Xử lý dữ liệu cá nhân có trách nhiệm gì?,Bên Xử lý dữ liệu cá nhân có trách nhiệm lưu trữ dữ liệu cá nhân theo hình thức phù hợp với hoạt động của mình và có biện pháp bảo vệ dữ liệu cá nhân theo quy định của pháp luật.,Bên Xử lý dữ liệu cá nhân chịu trách nhiệm trước chủ thể dữ liệu về các biện pháp bảo vệ dữ liệu cá nhân và các thiệt hại do quá trình xử lý dữ liệu.,0.6666666666666666,0.46550570193055013,0.99999999995,1.0
Chủ thể dữ liệu có quyền gì trong việc xử lý dữ liệu cá nhân?,"Chủ thể dữ liệu có quyền yêu cầu xóa dữ liệu cá nhân trong trường hợp dữ liệu không được xử lý đúng mục đích đã đồng ý hoặc vi phạm quy định của pháp luật. Việc xóa dữ liệu sẽ được thực hiện trong 72 giờ sau khi có yêu cầu của chủ thể dữ liệu, trừ trường hợp pháp luật có quy định khác.","Chủ thể dữ liệu có quyền được biết về hoạt động xử lý dữ liệu cá nhân của mình, quyền đồng ý, quyền khiếu nại, tố cáo, khởi kiện, và quyền yêu cầu cung cấp dữ liệu cá nhân trong thời gian 72 giờ sau khi có yêu cầu, trừ trường hợp luật có quy định khác.",1.0,0.5338038501085812,0.9999999999666667,0.5
Bên Xử lý dữ liệu cá nhân có trách nhiệm gì trong việc bảo vệ dữ liệu cá nhân?,Bên Xử lý dữ liệu cá nhân có trách nhiệm lưu trữ dữ liệu cá nhân theo hình thức phù hợp với hoạt động của mình và có biện pháp bảo vệ dữ liệu cá nhân theo quy định của pháp luật.,"Bên Xử lý dữ liệu cá nhân có trách nhiệm bảo đảm các biện pháp bảo vệ phù hợp và chịu trách nhiệm trước chủ thể dữ liệu về việc bảo vệ tính mạng, sức khỏe của chủ thể dữ liệu hoặc người khác.",0.75,0.6747684200506484,0.99999999995,1.0
Bộ Công an có vai trò gì trong việc thông báo vi phạm quy định về bảo vệ dữ liệu cá nhân?,"Bộ Công an (Cục An ninh mạng và phòng, chống tội phạm sử dụng công nghệ cao) phải được thông báo về vi phạm quy định bảo vệ dữ liệu cá nhân chậm nhất 72 giờ sau khi xảy ra hành vi vi phạm. Nếu thông báo muộn hơn 72 giờ, phải kèm theo lý do. Bên Xử lý dữ liệu cá nhân cũng phải thông báo cho Bên Kiểm soát dữ liệu cá nhân ngay khi phát hiện vi phạm.","Bộ Công an (Cục An ninh mạng và phòng, chống tội phạm sử dụng công nghệ cao) có vai trò nhận thông báo về vi phạm quy định bảo vệ dữ liệu cá nhân từ Bên Kiểm soát dữ liệu cá nhân và Bên Kiểm soát và xử lý dữ liệu cá nhân, đồng thời phối hợp xử lý hành vi vi phạm.",1.0,0.705333268009697,0.9999999999666667,0.3333333333333333
Nghị định này quy định như thế nào về việc xử lý dữ liệu cá nhân của người đã chết hoặc mất tích?,"Nghị định này quy định rằng việc xử lý dữ liệu cá nhân liên quan đến người bị tuyên bố mất tích hoặc người đã chết phải được sự đồng ý của vợ, chồng hoặc con thành niên của người đó. Nếu không có những người này, thì phải được sự đồng ý của cha, mẹ của người bị tuyên bố mất tích hoặc người đã chết. Nếu không có tất cả những người được nêu, thì được coi là không có sự đồng ý.","Nghị định này quy định rằng việc xử lý dữ liệu cá nhân của người bị tuyên bố mất tích hoặc đã chết phải được sự đồng ý của vợ, chồng hoặc con thành niên của người đó.",1.0,0.6009896236000477,0.9999999999,0.3333333333333333
What is the significance of Nghị định in the context of personal data processing?,"Nghị định outlines the regulations regarding the processing of personal data, including the necessity of obtaining consent from individuals or their guardians, and the obligations of data controllers and processors to protect personal data.",Không tìm thấy.,0.0,0.0,0.49999999995,1.0
Bộ Công an có vai trò gì trong việc thông báo vi phạm quy định về bảo vệ dữ liệu cá nhân?,"Bộ Công an, cụ thể là Cục An ninh mạng và phòng, chống tội phạm sử dụng công nghệ cao, có trách nhiệm nhận thông báo về vi phạm quy định bảo vệ dữ liệu cá nhân. Bên Kiểm soát dữ liệu cá nhân phải thông báo cho Bộ Công an chậm nhất 72 giờ sau khi xảy ra hành vi vi phạm. Nếu thông báo muộn hơn 72 giờ, phải kèm theo lý do. Nội dung thông báo cần mô tả tính chất của việc vi phạm, chi tiết liên lạc của nhân viên bảo vệ dữ liệu, hậu quả có thể xảy ra, và các biện pháp giải quyết.","Bộ Công an (Cục An ninh mạng và phòng, chống tội phạm sử dụng công nghệ cao) có vai trò nhận thông báo về vi phạm quy định bảo vệ dữ liệu cá nhân từ Bên Kiểm soát dữ liệu cá nhân và Bên Kiểm soát và xử lý dữ liệu cá nhân, đồng thời phối hợp xử lý hành vi vi phạm liên quan tới hoạt động bảo vệ dữ liệu cá nhân.",0.8,0.0,0.9999999999666667,0.5
Việt Nam có quy định gì về việc chuyển dữ liệu cá nhân ra nước ngoài và đánh giá tác động xử lý dữ liệu cá nhân?,"Tại Việt Nam, bên kiểm soát dữ liệu cá nhân và bên xử lý dữ liệu cá nhân phải lập và lưu giữ hồ sơ đánh giá tác động xử lý dữ liệu cá nhân, bao gồm thông tin về mục đích xử lý, các loại dữ liệu cá nhân được xử lý, và tổ chức, cá nhân nhận dữ liệu cá nhân, bao gồm cả tổ chức, cá nhân ngoài lãnh thổ Việt Nam. Hồ sơ này cũng phải mô tả các biện pháp bảo vệ dữ liệu cá nhân được áp dụng và đánh giá mức độ ảnh hưởng của việc xử lý dữ liệu cá nhân, cũng như các hậu quả và thiệt hại không mong muốn có thể xảy ra.","Việt Nam có quy định về việc chuyển dữ liệu cá nhân ra nước ngoài tại Điều 25, yêu cầu Bên chuyển dữ liệu lập hồ sơ đánh giá tác động. Hồ sơ này bao gồm thông tin và chi tiết liên lạc của Bên chuyển và Bên tiếp nhận dữ liệu, cũng như thông tin của tổ chức, cá nhân liên quan. Ngoài ra, Điều 24 quy định về việc đánh giá tác động xử lý dữ liệu cá nhân, yêu cầu Bên Kiểm soát dữ liệu lập và lưu giữ hồ sơ đánh giá.",1.0,0.0,0.9999999999666667,1.0
Cục An ninh mạng làm gì khi có vi phạm dữ liệu cá nhân?,"Cục An ninh mạng phối hợp với Bên Kiểm soát dữ liệu cá nhân để xử lý hành vi vi phạm quy định bảo vệ dữ liệu cá nhân. Tổ chức, cá nhân cũng phải thông báo cho Bộ Công an khi phát hiện hành vi vi phạm pháp luật đối với dữ liệu cá nhân.","Cục An ninh mạng và phòng, chống tội phạm sử dụng công nghệ cao sẽ được thông báo khi phát hiện hành vi vi phạm pháp luật đối với dữ liệu cá nhân hoặc khi dữ liệu cá nhân bị xử lý sai mục đích. Họ sẽ phối hợp với các bên liên quan để xử lý hành vi vi phạm.",0.6666666666666666,0.4804977451159112,0.9999999999666667,1.0
Bộ Công an là ai và họ có vai trò gì trong việc bảo vệ dữ liệu cá nhân?,"Bộ Công an (Cục An ninh mạng và phòng, chống tội phạm sử dụng công nghệ cao) có vai trò quan trọng trong việc xử lý hành vi vi phạm quy định bảo vệ dữ liệu cá nhân. Họ phối hợp với Bên Kiểm soát dữ liệu cá nhân để xử lý các hành vi vi phạm và đánh giá hồ sơ đánh giá tác động xử lý dữ liệu cá nhân.","Bộ Công an là cơ quan chuyên trách bảo vệ dữ liệu cá nhân thông qua Cục An ninh mạng và phòng, chống tội phạm sử dụng công nghệ cao. Vai trò của họ là thực hiện quản lý nhà nước về bảo vệ dữ liệu cá nhân, nghiên cứu và trao đổi về các biện pháp bảo vệ dữ liệu cá nhân theo kịp sự phát triển của khoa học, công nghệ, và phối hợp với các bộ, cơ quan khác để xử lý hành vi vi phạm.",1.0,0.8042650621657178,0.9999999999666667,0.5
Cục An ninh mạng làm gì khi có vi phạm dữ liệu cá nhân?,Cục An ninh mạng phối hợp với Bên Kiểm soát dữ liệu cá nhân để xử lý hành vi vi phạm quy định bảo vệ dữ liệu cá nhân.,"Cục An ninh mạng và phòng, chống tội phạm sử dụng công nghệ cao sẽ được thông báo về các vi phạm quy định bảo vệ dữ liệu cá nhân và phối hợp với các tổ chức, cá nhân để xử lý hành vi vi phạm.",0.5,0.370421452313981,0.9999999999666667,1.0
What are the requirements for transferring personal data of Vietnamese citizens abroad according to the regulations?,"According to the regulations, the transfer of personal data of Vietnamese citizens abroad requires the data transferor to prepare an impact assessment file that includes several key components: information and contact details of both the data transferor and the data recipient; the name and contact details of the responsible individual at the data transferor's organization; a description and justification of the objectives for processing the personal data after it has been transferred; a description of the types of personal data being transferred; a statement of compliance with personal data protection regulations; an assessment of the potential impact of processing the personal data; the consent of the data subject; and a written agreement outlining the responsibilities between the organizations involved in the data transfer. This impact assessment file must be available for inspection by the Ministry of Public Security and submitted within 60 days of initiating the data processing.",Không tìm thấy.,0.0,0.0,0.9999999999,0.2222222222222222
Bộ Công an có vai trò gì trong việc đánh giá hồ sơ chuyển dữ liệu cá nhân?,"Bộ Công an (Cục An ninh mạng và phòng, chống tội phạm sử dụng công nghệ cao) có trách nhiệm đánh giá và yêu cầu Bên chuyển dữ liệu ra nước ngoài hoàn thiện Hồ sơ đánh giá tác động chuyển dữ liệu cá nhân ra nước ngoài trong trường hợp hồ sơ chưa đầy đủ và đúng quy định. Họ cũng quyết định việc kiểm tra chuyển dữ liệu cá nhân ra nước ngoài 01 lần/năm và có quyền yêu cầu ngừng chuyển dữ liệu cá nhân ra nước ngoài trong một số trường hợp nhất định.","Bộ Công an (Cục An ninh mạng và phòng, chống tội phạm sử dụng công nghệ cao) có vai trò đánh giá hồ sơ chuyển dữ liệu cá nhân ra nước ngoài và yêu cầu bên chuyển dữ liệu thực hiện các quy định liên quan.",1.0,0.41811001432691525,0.9999999999666667,0.5
What are the requirements for transferring personal data of Vietnamese citizens abroad?,"The requirements for transferring personal data of Vietnamese citizens abroad include the establishment of an impact assessment file for the transfer, which must detail the information and contact details of both the data transferor and the data recipient, as well as the objectives of the data processing activities after the transfer. Additionally, the file must describe the type of personal data being transferred, compliance with data protection regulations, and the consent of the data subject.",Không tìm thấy.,0.0,0.0,0.0,0.5
Dữ liệu cá nhân của công dân Việt Nam có thể chuyển ra nước ngoài không?,Dữ liệu cá nhân của công dân Việt Nam được chuyển ra nước ngoài trong trường hợp Bên chuyển dữ liệu ra nước ngoài lập Hồ sơ đánh giá tác động chuyển dữ liệu cá nhân ra nước ngoài và thực hiện các thủ tục theo quy định.,Dữ liệu cá nhân của công dân Việt Nam có thể chuyển ra nước ngoài trong trường hợp Bên chuyển dữ liệu ra nước ngoài lập Hồ sơ.,1.0,0.0,0.9999999999666667,0.0
What are the key responsibilities outlined in the Nghị định regarding personal data protection?,"The Nghị định outlines several key responsibilities regarding personal data protection, including the implementation of measures by state management authorities, the establishment of regulations for personal data protection, and the encouragement of applying data protection standards relevant to specific fields. It also emphasizes the need for cybersecurity checks on systems handling personal data and the designation of personnel responsible for data protection.","Các trách nhiệm chính được nêu trong Nghị định về bảo vệ dữ liệu cá nhân bao gồm:

1. Bộ Thông tin và Truyền thông chỉ đạo các cơ quan truyền thông, báo chí, tổ chức và doanh nghiệp thực hiện bảo vệ dữ liệu cá nhân theo quy định.
2. Áp dụng các biện pháp bảo vệ dữ liệu cá nhân theo quy định tại Nghị định.
3. Xây dựng và ban hành các quy định cụ thể về bảo vệ dữ liệu cá nhân.
4. Thực hiện đầy đủ các biện pháp bảo vệ dữ liệu cá nhân theo quy định của Nghị định và các văn bản pháp luật khác có liên quan.
5. Bên xử lý dữ liệu cá nhân chịu trách nhiệm trước chủ thể dữ liệu về các vấn đề liên quan.",0.6666666666666666,0.7480517728653192,0.9999999999666667,0.4
What is the role of Cục An ninh mạng in the protection of personal data?,"Cục An ninh mạng is the specialized agency responsible for personal data protection, assisting the Ministry of Public Security in managing state affairs related to personal data protection.","Cục An ninh mạng và phòng, chống tội phạm sử dụng công nghệ cao - Bộ Công an có trách nhiệm giúp Bộ Công an thực hiện quản lý nhà nước quy định bảo vệ dữ liệu cá nhân, phối hợp với Bộ Công an xử lý hành vi vi phạm.",1.0,0.43205077287712507,0.9999999999666667,1.0
What are the financial sources outlined in Điều 31 for ensuring the operation of personal data protection?,"According to Điều 31, the financial sources for ensuring the operation of personal data protection include the state budget, contributions from organizations and individuals both domestically and internationally, revenue from services related to personal data protection, international aid, and other legal revenue sources. Additionally, the personal data protection funding for state agencies is guaranteed by the state budget and allocated within the annual state budget plan.",Không tìm thấy.,0.0,0.0,0.0,0.0
What role does the Bộ Công an play in the protection of personal data according to the regulations?,"The Bộ Công an, through the Cục An ninh mạng và phòng, chống tội phạm sử dụng công nghệ cao, is responsible for managing state affairs related to the protection of personal data. It helps implement regulations and oversees the national information portal on personal data protection, which provides information on policies, updates on personal data protection, and handles violations related to personal data.","Bộ Công an, thông qua Cục An ninh mạng và phòng, chống tội phạm sử dụng công nghệ cao, có trách nhiệm giúp thực hiện quản lý nhà nước về quy định bảo vệ dữ liệu cá nhân và phối hợp xử lý hành vi vi phạm.",0.6666666666666666,0.7103868527323178,0.9999999999666667,0.5
Trách nhiệm của Bộ Quốc phòng trong việc bảo vệ dữ liệu cá nhân là gì?,"Bộ Quốc phòng có trách nhiệm quản lý, thanh tra, kiểm tra, giám sát, xử lý vi phạm và áp dụng các quy định bảo vệ dữ liệu cá nhân đối với các cơ quan, tổ chức, cá nhân thuộc phạm vi quản lý của Bộ Quốc phòng theo quy định pháp luật và chức năng, nhiệm vụ được giao.","Trách nhiệm của Bộ Quốc phòng trong việc bảo vệ dữ liệu cá nhân là quản lý, thanh tra, kiểm tra, giám sát, xử lý vi phạm và áp dụng các quy định bảo vệ dữ liệu cá nhân đối với các cơ quan, tổ chức, cá nhân thuộc phạm vi quản lý của Bộ Quốc phòng theo quy định pháp luật và chức năng, nhiệm vụ được giao.",1.0,0.5833117146417849,0.99999999995,1.0
What are the responsibilities of Bộ Quốc phòng regarding personal data protection?,"Bộ Quốc phòng is responsible for managing, inspecting, supervising, and handling violations related to personal data protection for agencies, organizations, and individuals under its management, in accordance with legal regulations and its assigned functions and tasks.","Bộ Quốc phòng có trách nhiệm quản lý, thanh tra, kiểm tra, giám sát, xử lý vi phạm và áp dụng các quy định bảo vệ dữ liệu cá nhân đối với các cơ quan, tổ chức, cá nhân thuộc phạm vi quản lý của Bộ theo quy định pháp luật và chức năng, nhiệm vụ được giao.",1.0,0.9967185970821223,0.99999999995,1.0
Bộ Khoa học và Công nghệ có trách nhiệm gì trong việc bảo vệ dữ liệu cá nhân?,"Bộ Khoa học và Công nghệ có trách nhiệm phối hợp với Bộ Công an trong xây dựng Tiêu chuẩn bảo vệ dữ liệu cá nhân và các khuyến nghị áp dụng Tiêu chuẩn bảo vệ dữ liệu cá nhân. Ngoài ra, Bộ cũng nghiên cứu và trao đổi với Bộ Công an về các biện pháp bảo vệ dữ liệu cá nhân theo kịp sự phát triển của khoa học, công nghệ.","Bộ Khoa học và Công nghệ có trách nhiệm phối hợp với Bộ Công an trong xây dựng Tiêu chuẩn bảo vệ dữ liệu cá nhân và các khuyến nghị áp dụng Tiêu chuẩn bảo vệ dữ liệu cá nhân, cũng như nghiên cứu, trao đổi với Bộ Công an về các biện pháp bảo vệ dữ liệu cá nhân theo kịp sự phát triển của khoa học, công nghệ.",0.3333333333333333,0.5674003545428233,0.99999999995,1.0
What responsibilities does the government have regarding personal data protection?,"The government is responsible for ensuring the unified management of personal data protection, guiding and implementing activities to protect personal data, proposing standards for personal data protection, and evaluating the results of personal data protection efforts. Additionally, it must promote measures and conduct research for innovation in personal data protection and cooperate internationally in this field.",Không tìm thấy.,0.0,0.0,0.9999999999,0.5
What responsibilities does Bên Xử lý dữ liệu cá nhân have according to the regulations?,"Bên Xử lý dữ liệu cá nhân is responsible for ensuring compliance with the contract or agreement signed with Bên Kiểm soát dữ liệu cá nhân, implementing all necessary measures to protect personal data as stipulated in the relevant regulations, and being accountable to the data subjects for any damages caused by the processing of personal data. Additionally, they must delete or return all personal data to Bên Kiểm soát dữ liệu cá nhân after the processing is completed.","Bên Xử lý dữ liệu cá nhân có trách nhiệm lập và lưu giữ Hồ sơ đánh giá tác động xử lý dữ liệu cá nhân trong trường hợp thực hiện hợp đồng với Bên Kiểm soát dữ liệu cá nhân. Bên Xử lý dữ liệu cá nhân cũng phải cập nhật, bổ sung Hồ sơ đánh giá tác động xử lý dữ liệu cá nhân khi có sự thay đổi về nội dung hồ sơ đã gửi cho Bộ Công an (Cục An ninh mạng và phòng, chống).",1.0,0.5707899676429969,0.9999999999666667,0.25
Điều 43 có nội dung gì về hiệu lực thi hành?,"Điều 43 quy định rằng Nghị định này có hiệu lực thi hành từ ngày 01 tháng 7 năm 2023. Nó cũng cho phép các doanh nghiệp siêu nhỏ, doanh nghiệp nhỏ, doanh nghiệp vừa, doanh nghiệp khởi nghiệp được quyền lựa chọn miễn trừ quy định về chỉ định cá nhân và bộ phận bảo vệ dữ liệu cá nhân trong thời gian 02 năm đầu kể từ khi thành lập doanh nghiệp.",Điều 43 quy định rằng nghị định này có hiệu lực thi hành từ ngày 01 tháng 7 năm 2023.,1.0,0.2205843163070035,0.49999999995,0.5
What are the responsibilities of the government regarding personal data protection as outlined in the regulations?,"The government, specifically the Minister of Public Security, is responsible for urging, inspecting, and guiding the implementation of the regulations on personal data protection. Additionally, the Minister, heads of ministries, heads of agencies under the government, and chairpersons of people's committees in provinces and centrally-run cities are responsible for enforcing these regulations.",Không tìm thấy.,0.0,0.0,0.9999999999666667,1.0
Nghị định này có hiệu lực từ khi nào?,Nghị định này có hiệu lực thi hành từ ngày 01 tháng 7 năm 2023.,Nghị định này có hiệu lực thi hành từ ngày 01 tháng 7 năm 2023.,0.5,0.4836737312741475,0.9999999999,1.0
What are the main regulations established by the CHÍNH PHỦ regarding personal data protection in Vietnam?,"The CHÍNH PHỦ has established regulations for personal data protection through the issuance of a decree that outlines the responsibilities of agencies, organizations, and individuals involved in the processing of personal data. This decree applies to Vietnamese entities as well as foreign entities operating in Vietnam or involved in the processing of Vietnamese citizens' personal data.",Không tìm thấy.,0.0,0.0,0.8333333332916666,0.5
What are the main responsibilities outlined in the regulations issued by Văn phòng Chính phủ regarding personal data protection?,"The regulations issued by Văn phòng Chính phủ outline the responsibilities for protecting personal data, which include the obligation of agencies, organizations, and individuals involved to ensure the protection of personal data. The decree applies to Vietnamese agencies, organizations, and individuals, as well as foreign entities operating in Vietnam or involved in processing personal data of Vietnamese citizens.","Trách nhiệm chính được nêu trong quy định của Văn phòng Chính phủ về bảo vệ dữ liệu cá nhân bao gồm:

1. Giúp Chính phủ thống nhất thực hiện quản lý nhà nước về bảo vệ dữ liệu cá nhân.
2. Hướng dẫn, triển khai hoạt động bảo vệ dữ liệu cá nhân, bảo vệ quyền của cá nhân.",1.0,0.7801905965619765,0.99999999995,0.5
What is the significance of Luật An ninh mạng in relation to data protection?,"Luật An ninh mạng, enacted on June 12, 2018, is significant as it provides a legal framework for the protection of personal data and outlines the responsibilities of agencies, organizations, and individuals involved in data processing in Vietnam.",Không tìm thấy.,0.0,0.0,0.99999999995,0.5
Chính phủ có vai trò gì trong việc bảo vệ dữ liệu cá nhân?,"Chính phủ ban hành Nghị định bảo vệ dữ liệu cá nhân, quy định về bảo vệ dữ liệu cá nhân và trách nhiệm bảo vệ dữ liệu cá nhân của cơ quan, tổ chức, cá nhân có liên quan.",Chính phủ có vai trò thống nhất thực hiện quản lý nhà nước về bảo vệ dữ liệu cá nhân.,1.0,0.5718369402720599,0.9999999999666667,0.0
